Workbook

Sheet Requirement_6
A3: employee_name | B3: Sum of order_value
A4: Zain | B4: 5850
A5: Ali | B5: 5350
A6: Ayesha | B6: 5000
A7: Sara | B7: 4750
A8: Bilal | B8: 4300
A9: Grand Total | B9: 25250

Sheet Practice_lab_1
A1: transaction_id | B1: employee_id | C1: employee_name | D1: product_category | E1: customer_rating | F1: order_value
A2: T001 | B2: E101 | C2: Ali | D2: Burgers | E2: 4.5 | F2: 1200 | H2: 🍔 Practice Lab 1: The QSR Performance Audit Requirement 1: How many unique employees rang up orders today? (Hint: Use UNIQUE and COUNTA on the employee_name or employee_id column). Requirement 2: How many unique product categories did we sell today? (Hint: Same as above, but on the product_category column). Requirement 3: Create a clean list of all specific Employee IDs, and then use a formula to automatically pull in their matching Employee Names next to them. (Hint: Use XLOOKUP). Requirement 4: How many total orders did "Ali" handle today? (Hint: Use COUNTIF). Requirement 5: What is the Average Customer Rating for "Burgers"? (Hint: Use AVERAGEIF where the category is "Burgers" and the average range is the rating). Requirement 6 (The Pivot Table Boss Level): Create a Pivot Table to find out which Employee brought in the most money (order_value). Put the Employee Names in the Rows. Put the Order Value in the Values. Make sure the Values setting is set to SUM, not Average. Filter for the Top 3 employees. You've got this! Since you are flying solo, trust your notes in Obsidian. I'll be right here in standby mode whenever you need me again. Good luck!
A3: T002 | B3: E102 | C3: Sara | D3: Pizzas | E3: 3 | F3: 2500
A4: T003 | B4: E101 | C4: Ali | D4: Fries | E4: 5 | F4: 300
A5: T004 | B5: E103 | C5: Zain | D5: Burgers | E5: 4 | F5: 1500
A6: T005 | B6: E101 | C6: Ali | D6: Shakes | E6: 4.5 | F6: 800
A7: T006 | B7: E102 | C7: Sara | D7: Burgers | E7: 2.5 | F7: 1100
A8: T007 | B8: E104 | C8: Ayesha | D8: Fries | E8: 4 | F8: 400
A9: T008 | B9: E103 | C9: Zain | D9: Pizzas | E9: 5 | F9: 2200
A10: T009 | B10: E104 | C10: Ayesha | D10: Shakes | E10: 4.5 | F10: 900
A11: T010 | B11: E101 | C11: Ali | D11: Pizzas | E11: 4 | F11: 2600
A12: T011 | B12: E102 | C12: Sara | D12: Shakes | E12: 3.5 | F12: 750
A13: T012 | B13: E103 | C13: Zain | D13: Burgers | E13: 4.5 | F13: 1300
A14: T013 | B14: E105 | C14: Bilal | D14: Fries | E14: 5 | F14: 350
... A21: T020 | B21: E105 | C21: Bilal | D21: Burgers | E21: 4.5 | F21: 1250

Sheet Requirement_5
A1: Products | B1: Average_rating
A2: {=_xlfn.UNIQUE(Practice_lab_1!D2:D21)} -> Burgers | B2: =AVERAGEIF(Practice_lab_1!D:D, Requirement_5!A2, Practice_lab_1!E:E) -> 3.8333333
A3: Pizzas | B3: =AVERAGEIF(Practice_lab_1!D:D, Requirement_5!A3, Practice_lab_1!E:E) -> 3.9
A4: Fries | B4: =AVERAGEIF(Practice_lab_1!D:D, Requirement_5!A4, Practice_lab_1!E:E) -> 4.6
A5: Shakes | B5: =AVERAGEIF(Practice_lab_1!D:D, Requirement_5!A5, Practice_lab_1!E:E) -> 4.375

Sheet Requirement_4
A1: Emplyee_name | B1: Order_count_per_emplyee | C1: Total_Orders
A2: {=_xlfn.UNIQUE(Practice_lab_1!C2:C21)} -> Ali | B2: =COUNTIF(Practice_lab_1!C2:C21, Requirement_4!A2) -> 5 | C2: =COUNTA(_xlfn.UNIQUE(Practice_lab_1!A2:A21)) -> 20
A3: Sara | B3: =COUNTIF(Practice_lab_1!C3:C22, Requirement_4!A3) -> 4
A4: Zain | B4: =COUNTIF(Practice_lab_1!C4:C23, Requirement_4!A4) -> 4
A5: Ayesha | B5: =COUNTIF(Practice_lab_1!C5:C24, Requirement_4!A5) -> 4
A6: Bilal | B6: =COUNTIF(Practice_lab_1!C6:C25, Requirement_4!A6) -> 3

Sheet Requirement_3
A1: Emplyee_ID | B1: Emplyee_name
A2: {=_xlfn.UNIQUE(Practice_lab_1!B2:B21)} -> E101 | B2: =_xlfn.XLOOKUP(A2, Practice_lab_1!B:B, Practice_lab_1!C:C) -> Ali
A3: E102 | B3: =_xlfn.XLOOKUP(A3, Practice_lab_1!B:B, Practice_lab_1!C:C) -> Sara
A4: E103 | B4: =_xlfn.XLOOKUP(A4, Practice_lab_1!B:B, Practice_lab_1!C:C) -> Zain
A5: E104 | B5: =_xlfn.XLOOKUP(A5, Practice_lab_1!B:B, Practice_lab_1!C:C) -> Ayesha
A6: E105 | B6: =_xlfn.XLOOKUP(A6, Practice_lab_1!B:B, Practice_lab_1!C:C) -> Bilal

Sheet Requirement_2
A1: Product_Categories_sold_today | B1: Product_count
A2: {=_xlfn.UNIQUE(Practice_lab_1!D2:D21)} -> Burgers | B2: =COUNTA(_xlfn.UNIQUE(Practice_lab_1!D2:D21)) -> 4
A3: Pizzas
A4: Fries
A5: Shakes

Sheet Requirement_1
A1: Emplyee_count | B1: Employee_Names | C1: Emplyee_ID
A2: =COUNTA(_xlfn.UNIQUE(Practice_lab_1!B2:B21)) -> 5 | B2: {=_xlfn.UNIQUE(Practice_lab_1!C2:C21)} -> Ali | C2: {=_xlfn.UNIQUE(Practice_lab_1!B2:B21)} -> E101
B3: Sara | C3: E102
B4: Zain | C4: E103
B5: Ayesha | C5: E104
B6: Bilal | C6: E105
